first_name,last_name,username,email,gender,date_of_birth,phone,mobile,hire_date,resign_date,exit_date,occupational_group,position,is_active,is_manager,is_report,is_survey,is_online,organization,division,department
Anna,Zumba,Anna_Zumba,angelin1@outlook.com,Female,20/11/1995,1932976181,1932976181,10/01/2017,10/04/2019,10/05/2019,3,CEO,1,0,0,1,1,Organisation1,Division1,Department1
Bevan,Smithers,Bevan_Smithers,angelin2@outlook.com,Male,25/03/1987,1932976181,1932976181,11/01/2016,11/04/2019,11/05/2019,2,HR Analyst,0,1,1,0,0,Organisation2,Division2,Department2
Connor,Lombok,Connor_Lombok,angelin3@outlook.com,Male,23/02/1985,1932976181,1932976181,12/01/2009,12/04/2019,12/05/2019,3,IT Support Officer,1,0,0,1,1,Organisation3,Division3,Department3
Dean,Cramp,Dean_Cramp,angelin4@outlook.com,Male,13/05/1994,1932976181,1932976181,13/01/2002,13/04/2019,13/05/2019,1,Project Manager,1,0,0,1,1,Organisation1,Division1,Department1
Ellie,Harris,Ellie_Harris,angelin5@outlook.com,Female,10/07/1984,1932976181,1932976181,14/01/1990,14/04/2019,14/05/2019,3,Business Analyst,1,0,0,1,1,Organisation2,Division2,Department2
Francis,Novis,Francis_Novis,angelin6@outlook.com,Female,7/09/1964,1932976181,1932976181,15/01/1999,15/04/2019,15/05/2019,2,Trader,1,0,0,1,0,Organisation3,Division3,Department3
George,Campas,George_Campas,angelin7@outlook.com,Male,4/11/1974,1932976181,1932976181,16/01/2019,16/04/2019,16/05/2019,1,Tester,1,1,0,0,1,Organisation1,Division1,Department1